len,DamerauLevenshtein
5,1.08825
6,1.46725
7,1.95693
8,2.50014
9,3.07621
10,3.69
20,14.26
30,30.18
40,55.83
50,84.93
