len,DamerauLevenshtein
10,0.003125
20,0.015625
30,0.0359375
40,0.0640625
50,0.101562
