len,RecursiveMatrix
10,0.0046875
20,0.0125
30,0.03125
40,0.05625
50,0.0859375
