len,IterativeMatrix
5,0.69432
6,0.82697
7,0.98802
8,1.26482
9,1.55127
10,1.83
20,6.76
30,15.17
40,24.76
50,39.5
