len,IterativeMatrix
10,0.003125
20,0.0078125
30,0.0171875
40,0.0296875
50,0.046875
