len,RecursiveMatrix
5,1.03173
6,1.32726
7,1.80111
8,2.25241
9,2.86216
10,3.43
20,13.34
30,27.57
40,48.6
50,76.2
